{"W1": [[-0.20551899595985057, -0.20115471453764544, 0.25883492685856485, 1.3490848207668318]], "W2": [[1.2501005893610742]], "W3": [[0.5244403296206931]], "W4": [[0.8548089066988996]], "T1": [[-0.062106798060098035]], "T2": [[0.9002992113048441]], "hidden": [[26.327134636738638]], "out": [[-0.6196136399369971]]}