{"W1": [[0.5509858256335499, 0.8139850305969141, 0.5645318809448749]], "W2": [[0.9284076574687845]], "W3": [[0.0500019560304649]], "W4": [[-0.8393267395167621]], "T1": [[-0.24746556583955495]], "T2": [[0.4977026387300956]], "hidden": [[5.511843913664866]], "out": [[2.5299859766214854]]}